method,np,result,duration
MPI_Reduce,1,1.000000,0.811076
Send-Receive,1,1.000000,0.792646
MPI_Reduce,2,1.000000,0.423135
Send-Receive,2,1.000000,0.430768
MPI_Reduce,3,1.000000,0.300060
Send-Receive,3,1.000000,0.300943
MPI_Reduce,4,1.000000,0.242360
Send-Receive,4,1.000000,0.255976
MPI_Reduce,5,1.000000,0.251480
Send-Receive,5,1.000000,0.222143
MPI_Reduce,6,1.000000,0.212027
Send-Receive,6,1.000000,0.214913
