method,np,result,duration
MPI_Reduce,1,1.000000,0.803780
Send-Receive,1,1.000000,0.826614
MPI_Reduce,2,1.000000,0.418124
Send-Receive,2,1.000000,0.439547
MPI_Reduce,3,1.000000,0.285198
Send-Receive,3,1.000000,0.312752
MPI_Reduce,4,1.000000,0.283226
Send-Receive,4,1.000000,0.252605
MPI_Reduce,5,1.000000,0.248505
Send-Receive,5,1.000000,0.267863
MPI_Reduce,6,1.000000,0.226046
Send-Receive,6,1.000000,0.228053
