size,nt2_time,nt4_time,nt5_time,nt8_time,serial_time
1000000,0.000000,0.010531,0.001616,0.000000,0.000000
10000000,0.012706,0.005747,0.006182,0.008131,0.032358
100000000,0.118294,0.066724,0.060156,0.054804,0.277677
1000000000,1.207798,0.626616,0.548530,0.385358,2.700636
