size,nt2_time,nt4_time,nt5_time,nt8_time,nt10_time,serial_time
1000000,0.001499,0.001001,0.001499,0.000999,0.001504,0.001481
10000000,0.009965,0.004997,0.004013,0.003508,0.003510,0.018986
100000000,0.094683,0.047994,0.040539,0.026538,0.024491,0.180583
1000000000,0.928295,0.488297,0.408484,0.256702,0.211688,1.805472
