size,nt2_time,nt4_time,nt5_time,nt8_time,serial_time
1000000,0.002408,0.001067,0.002018,0.002114,0.001540
10000000,0.009088,0.006528,0.004922,0.004202,0.017501
100000000,0.094489,0.050667,0.036544,0.028466,0.178599
1000000000,0.959444,0.475910,0.388389,0.249526,1.890656
