size,nt2_time,nt4_time,nt5_time,nt8_time,serial_time
1000000,0.001505,0.001000,0.001004,0.001504,0.001498
10000000,0.010743,0.007036,0.005514,0.003499,0.019106
100000000,0.091707,0.049448,0.042681,0.027055,0.176087
1000000000,0.946772,0.500617,0.419142,0.242501,1.867980
